Product Name,Sales,Profit,Discount,Category,Sub-Category
Wireless Optical Mouse V535,1541.2909370519544,252.3891076996317,0.1203854267787265,Technology,Accessories
USB-C Charging Cable V800,382.2170596294715,98.95060004027239,0.28326883545811266,Technology,Cables
Gel Ink Pens Pack V714,654.1216804444449,-62.204894086780385,0.02694024058750868,Office Supplies,Pens
Adjustable Desk Lamp V566,856.6185128466694,86.98074044704589,0.23286818407050933,Furniture,Furnishings
Wireless Optical Mouse V430,1020.1446535820655,39.98744310124516,0.1383532227811827,Technology,Accessories
USB-C Charging Cable V472,492.3953675060097,-55.234748102770475,0.24836620710699087,Technology,Cables
Ergonomic Office Chair V971,238.52528123101504,4.894694617296702,0.018296813525005142,Furniture,Chairs
USB-C Charging Cable V230,1225.1338844588488,-194.91465316578166,0.34861472246095054,Technology,Cables
Dry Erase Whiteboard V408,584.3748009481089,-107.82466339820326,0.3893955876709588,Furniture,Tables
Premium Copy Paper V443,1166.6640606309984,-138.71662106672616,0.3875511421142766,Office Supplies,Paper
Dry Erase Whiteboard V485,317.1818033956626,119.85319210374888,0.2998607326971699,Furniture,Tables
Gel Ink Pens Pack V260,967.4688026910868,125.49784874322708,0.05203449605225279,Office Supplies,Pens
Adjustable Desk Lamp V121,1069.8529707776559,406.00203085606984,0.30330527837160903,Furniture,Furnishings
Bluetooth Keyboard V660,113.12883827662955,6.731021864231038,0.009834766583520605,Technology,Accessories
Adjustable Desk Lamp V575,679.8425136059019,-8.776984501447194,0.008849420611598902,Furniture,Furnishings
Heavy Duty Stapler V975,277.48520710855877,28.77108636021039,0.1294440876598165,Office Supplies,Fasteners
Wireless Optical Mouse V343,136.1161912408078,8.671555989354982,0.1954572761618663,Technology,Accessories
Bluetooth Keyboard V230,1980.020862455991,-270.4732049333513,0.3081629671231173,Technology,Accessories
Gel Ink Pens Pack V918,651.4841514996987,120.19608243083701,0.27331815064260206,Office Supplies,Pens
Wireless Optical Mouse V120,1621.6501472507234,-114.12701916306216,0.17836108255069935,Technology,Accessories
Bluetooth Keyboard V266,516.7349029798901,88.75065246100509,0.10945066651266636,Technology,Accessories
Premium Copy Paper V487,1366.1904172256193,259.74101757726817,0.39884980006308446,Office Supplies,Paper
Bluetooth Keyboard V415,1522.8534411804762,-165.66374579694428,0.1704725208943892,Technology,Accessories
Premium Copy Paper V876,1195.3210938096101,-195.06471673228066,0.1805548097318702,Office Supplies,Paper
Adjustable Desk Lamp V664,948.4366152148151,254.61440254533798,0.06544952847666767,Furniture,Furnishings
Premium Copy Paper V439,829.5634191530644,62.947483171450244,0.3179238194999718,Office Supplies,Paper
Wireless Optical Mouse V527,704.2478504205607,-116.2725333098927,0.2774728903125955,Technology,Accessories
USB-C Charging Cable V134,1859.7629970531734,738.1767388015049,0.08830784511550416,Technology,Cables
Classic Ring Binder V661,1662.932621497581,-274.93541643794293,0.03295241824633708,Office Supplies,Binders
USB-C Charging Cable V487,1930.40355222636,418.9383743813354,0.27219972082988525,Technology,Cables
Premium Copy Paper V489,257.35147473623397,100.42043830284912,0.2618044857124541,Office Supplies,Paper
Dry Erase Whiteboard V205,1464.426275655252,-82.7282775943926,0.10930381079928374,Furniture,Tables
Ergonomic Office Chair V921,1877.2975090738653,-215.23287051249108,0.38034542490016415,Furniture,Chairs
Premium Copy Paper V829,370.6538016696637,-47.13568677651369,0.06042315671236009,Office Supplies,Paper
Premium Copy Paper V301,142.32757205988722,-2.5668651603375117,0.17293392041704078,Office Supplies,Paper
Ergonomic Office Chair V369,1484.8300920872175,-206.94450189666384,0.3774463680670396,Furniture,Chairs
USB-C Charging Cable V561,1153.2014952280247,248.28059746282028,0.16789092677044892,Technology,Cables
Wireless Optical Mouse V351,1685.2392657489613,-274.06190266405866,0.25541037906563424,Technology,Accessories
Bluetooth Keyboard V801,288.1470294863161,30.443677891312404,0.15903775918511773,Technology,Accessories
USB-C Charging Cable V824,1592.5819506011815,633.8764616801045,0.10968608093946802,Technology,Cables
Premium Copy Paper V978,411.2383668950116,118.59380922064629,0.39359105918393134,Office Supplies,Paper
Gel Ink Pens Pack V891,335.67532630275196,56.77332614504383,0.1637336025260172,Office Supplies,Pens
Adjustable Desk Lamp V316,336.888937882676,-5.473713358819932,0.3576396814716538,Furniture,Furnishings
Bluetooth Keyboard V256,1631.0036932604503,284.3451092687978,0.09198184235643447,Technology,Accessories
Classic Ring Binder V956,1333.7424691854383,155.014056227293,0.08524188161003332,Office Supplies,Binders
Wireless Optical Mouse V620,1050.9001952905473,58.482627746159714,0.012453633153804544,Technology,Accessories
USB-C Charging Cable V228,724.07266340577,-88.02824630852528,0.260666730150354,Technology,Cables
USB-C Charging Cable V571,1755.6290762180854,582.8030683805918,0.14741053748950447,Technology,Cables
Heavy Duty Stapler V692,790.9657637710444,55.265402218260164,0.34574329993585484,Office Supplies,Fasteners
USB-C Charging Cable V774,1635.0328845484385,-136.07805276946684,0.18928396267662287,Technology,Cables
Heavy Duty Stapler V388,883.8784680547346,18.257049388786523,0.38727737116588873,Office Supplies,Fasteners
Gel Ink Pens Pack V589,760.1194145555661,36.8489561142845,0.07421020628124846,Office Supplies,Pens
Wireless Optical Mouse V140,930.7327734825168,275.98342972520203,0.34744926718224434,Technology,Accessories
Wireless Optical Mouse V300,609.7419695866428,146.440892475028,0.3106387411166967,Technology,Accessories
USB-C Charging Cable V879,1497.7426665507396,391.7839243656002,0.3083687378576208,Technology,Cables
Premium Copy Paper V132,1010.4135762840335,-195.39503165143614,0.33791329124675507,Office Supplies,Paper
Wireless Optical Mouse V506,472.10326334216643,23.459943687699962,0.30440959637719955,Technology,Accessories
USB-C Charging Cable V904,1800.1534008163912,159.8653067543669,0.25048812865256614,Technology,Cables
Heavy Duty Stapler V783,773.9435305326907,-145.8764630164998,0.05249795107295503,Office Supplies,Fasteners
USB-C Charging Cable V825,1091.6701936168372,-48.15583718642548,0.013010471796500767,Technology,Cables
Heavy Duty Stapler V838,1813.8795008194484,464.6685747418414,0.36833913912627475,Office Supplies,Fasteners
Gel Ink Pens Pack V561,1252.2336118688443,-147.43069315738956,0.24666012580829522,Office Supplies,Pens
Heavy Duty Stapler V868,242.6271010096445,29.403026999331527,0.31861491639047057,Office Supplies,Fasteners
Gel Ink Pens Pack V317,1880.2659259908155,-133.27113690009426,0.19260894060502004,Office Supplies,Pens
Wireless Optical Mouse V866,1259.1390256121215,-242.67076089755878,0.04692327558495779,Technology,Accessories
Wireless Optical Mouse V894,676.4621731676013,-37.39423732613294,0.05007431688102018,Technology,Accessories
Bluetooth Keyboard V306,287.1514246001407,110.70383845135818,0.27422611489158855,Technology,Accessories
Adjustable Desk Lamp V653,1590.110126647889,446.6973417639685,0.1721223579597851,Furniture,Furnishings
Heavy Duty Stapler V674,1243.944784297742,467.40726024269907,0.08020989068013469,Office Supplies,Fasteners
Wireless Optical Mouse V340,1071.5875730328798,99.34948394862008,0.19663781869657476,Technology,Accessories
Ergonomic Office Chair V195,1788.8462402714058,-239.98853619872426,0.025683574830053638,Furniture,Chairs
Ergonomic Office Chair V833,1579.3084503368161,203.37654075967484,0.23278856076575952,Furniture,Chairs
Gel Ink Pens Pack V506,311.83301066817484,22.647309195492912,0.10759736177403907,Office Supplies,Pens
Wireless Optical Mouse V848,630.326914913141,193.26721404636496,0.3190236402548753,Technology,Accessories
Ergonomic Office Chair V624,504.4933882307868,-71.2094695423993,0.12414478356942951,Furniture,Chairs
Wireless Optical Mouse V798,1490.4531222196272,138.52969179817669,0.18208805963272048,Technology,Accessories
Heavy Duty Stapler V185,76.72954512420097,-8.438009551762294,0.004648215963240255,Office Supplies,Fasteners
Premium Copy Paper V781,1144.08047289392,-5.942861794593001,0.02897875511782355,Office Supplies,Paper
Bluetooth Keyboard V745,1527.292784623974,370.23752946668986,0.15699742256267393,Technology,Accessories
Ergonomic Office Chair V897,1754.7636171558813,150.22685328257162,0.1919755338868494,Furniture,Chairs
Adjustable Desk Lamp V447,690.7426799446558,17.636712875902646,0.2400082192477215,Furniture,Furnishings
Bluetooth Keyboard V330,1644.3020362973057,60.32248161475426,0.1166650314837213,Technology,Accessories
Classic Ring Binder V484,230.1571565408624,17.415545770753543,0.27799275445061705,Office Supplies,Binders
Bluetooth Keyboard V382,1694.4400605516912,459.2100759336671,0.3440489588756819,Technology,Accessories
Bluetooth Keyboard V727,263.702438040645,88.40645683923316,0.31194039555733993,Technology,Accessories
Bluetooth Keyboard V358,800.6017082151309,298.7852075163008,0.01584753013934286,Technology,Accessories
Wireless Optical Mouse V809,1596.6177779013117,434.5068060113059,0.1922027789031316,Technology,Accessories
USB-C Charging Cable V510,308.33568042405983,-3.316416198269556,0.04197207136726995,Technology,Cables
Bluetooth Keyboard V417,466.21027651295657,99.24722765907006,0.09681800634501099,Technology,Accessories
Gel Ink Pens Pack V324,1447.2826111022018,90.54471298518071,0.3946650373068586,Office Supplies,Pens
Heavy Duty Stapler V333,1442.872707726688,-68.10016753932207,0.0569982171606053,Office Supplies,Fasteners
USB-C Charging Cable V926,1285.8837894417416,391.58112190329234,0.19955526138054244,Technology,Cables
Dry Erase Whiteboard V771,1390.9574044895292,-246.12183212791916,0.24726229372724765,Furniture,Tables
USB-C Charging Cable V332,1090.0216422617164,371.75972410564754,0.2809859882176416,Technology,Cables
Ergonomic Office Chair V212,511.08012722483596,39.295151354115134,0.22385947339476564,Furniture,Chairs
Classic Ring Binder V541,697.9350270727997,127.2481325656492,0.003908338967673464,Office Supplies,Binders
Ergonomic Office Chair V367,371.3794564348371,72.64640944920946,0.13058452329759676,Furniture,Chairs
Wireless Optical Mouse V485,1817.8166170539205,612.7326185548787,0.2070846573538846,Technology,Accessories
Heavy Duty Stapler V212,1170.9496715845796,213.1149588280142,0.03514659965793334,Office Supplies,Fasteners
Gel Ink Pens Pack V724,807.6943193596434,135.98353745295378,0.14025077248367232,Office Supplies,Pens
USB-C Charging Cable V180,929.391549251824,-148.71080390786776,0.013281243516546627,Technology,Cables
Classic Ring Binder V101,1895.0938458275125,210.44034204407978,0.0314313988620083,Office Supplies,Binders
Premium Copy Paper V319,315.1692922009996,-34.636663821376914,0.15876931048063844,Office Supplies,Paper
Dry Erase Whiteboard V954,1176.5973657134266,285.27810465680926,0.05308630161722414,Furniture,Tables
Gel Ink Pens Pack V835,1016.7184709800873,109.12759868267003,0.22701633930462328,Office Supplies,Pens
Classic Ring Binder V484,1226.7939285149491,255.34080002101933,0.2757859876549063,Office Supplies,Binders
Heavy Duty Stapler V737,46.03926580347261,-8.056699312113604,0.32023467964363317,Office Supplies,Fasteners
Premium Copy Paper V152,1745.5265787988615,-260.30128515303886,0.08006009769792405,Office Supplies,Paper
Adjustable Desk Lamp V771,1864.9153821423886,428.5464265633909,0.0669930329036279,Furniture,Furnishings
Dry Erase Whiteboard V515,1134.6150353425257,-177.85022420643878,0.0418271361337601,Furniture,Tables
Wireless Optical Mouse V935,1396.3351395150155,-219.56806415971158,0.2545720998174547,Technology,Accessories
Wireless Optical Mouse V302,1845.7737685428185,-355.74505012920037,0.2825902905947605,Technology,Accessories
USB-C Charging Cable V222,1417.4048822836633,529.9688746597677,0.012634457930256816,Technology,Cables
Classic Ring Binder V866,313.55269539938007,76.03810131289191,0.37448489849747596,Office Supplies,Binders
Dry Erase Whiteboard V379,1156.8138367319582,13.824902973753042,0.020788513460588964,Furniture,Tables
Gel Ink Pens Pack V983,1217.3629423018833,-26.87773182025309,0.2165185341204282,Office Supplies,Pens
Premium Copy Paper V297,854.0200358917482,8.388131713056804,0.28362420778036657,Office Supplies,Paper
Dry Erase Whiteboard V610,1475.5240288931984,390.7071338162406,0.34838764949843426,Furniture,Tables
Classic Ring Binder V300,1869.3903593903397,367.93783471341044,0.2856347728529711,Office Supplies,Binders
Dry Erase Whiteboard V563,1851.881340684485,-164.60013823015834,0.32069123322791676,Furniture,Tables
Heavy Duty Stapler V759,907.1703490942228,-86.66597390949393,0.13578007701712244,Office Supplies,Fasteners
Ergonomic Office Chair V502,235.34371122310296,-33.17466382156497,0.32593004549860494,Furniture,Chairs
Adjustable Desk Lamp V610,1969.8339859350458,386.44524577681386,0.03204593855387006,Furniture,Furnishings
Heavy Duty Stapler V247,1679.4071920274089,434.33432938911074,0.35792666242421106,Office Supplies,Fasteners
Wireless Optical Mouse V919,258.07873559450104,-10.574038861326855,0.21903695046149452,Technology,Accessories
Bluetooth Keyboard V739,1842.4753464085709,-345.34072468314713,0.3269191079849975,Technology,Accessories
Wireless Optical Mouse V437,1741.0937605036352,-262.37760558069476,0.18092731380732008,Technology,Accessories
USB-C Charging Cable V740,1042.4877336808836,396.89178181136145,0.25743107807861,Technology,Cables
Bluetooth Keyboard V572,1186.6381171324092,-26.97600274903607,0.2105610643744453,Technology,Accessories
Premium Copy Paper V250,804.0153807015593,210.2772690918055,0.29263580870213274,Office Supplies,Paper
Adjustable Desk Lamp V710,118.97566125584235,20.796724448953803,0.03265199281223583,Furniture,Furnishings
Wireless Optical Mouse V863,677.0425108753428,19.745121404983625,0.02414083359622552,Technology,Accessories
Adjustable Desk Lamp V723,1607.6783627100428,-123.12829599189175,0.09884129360405858,Furniture,Furnishings
Bluetooth Keyboard V671,19.21772577915969,-2.443882617330808,0.06381787204527534,Technology,Accessories
Classic Ring Binder V101,673.6633516653769,113.85434808696517,0.3487134266368807,Office Supplies,Binders
Classic Ring Binder V403,802.3557002459772,212.44795764949723,0.08768559494321773,Office Supplies,Binders
Gel Ink Pens Pack V136,1079.4172498464666,201.14136514379223,0.39034610232765254,Office Supplies,Pens
Wireless Optical Mouse V108,1840.5126766613932,217.51414389111451,0.13475831670844274,Technology,Accessories
Bluetooth Keyboard V198,699.2285287882629,-122.24561041307015,0.07284716627547971,Technology,Accessories
Heavy Duty Stapler V915,700.4368717734931,266.9317754808681,0.3158794028569917,Office Supplies,Fasteners
Heavy Duty Stapler V503,1477.6274837383992,412.5957279967394,0.2634831102003505,Office Supplies,Fasteners
USB-C Charging Cable V153,909.9137023707162,-22.117070343958076,0.1992782865812556,Technology,Cables
USB-C Charging Cable V772,456.9635976505641,177.29374084666438,0.2221454203750525,Technology,Cables
USB-C Charging Cable V727,910.3546371040599,146.68449024698128,0.28768071130890555,Technology,Cables
Classic Ring Binder V519,290.3054705558017,43.38719620076901,0.09138189653251949,Office Supplies,Binders
Dry Erase Whiteboard V203,361.01010314738437,89.83516477111144,0.39853356642269677,Furniture,Tables
Ergonomic Office Chair V353,1001.7518677515646,287.5647672918394,0.38991726485871325,Furniture,Chairs
Heavy Duty Stapler V211,843.6616445140503,163.5751639669434,0.26013027453877474,Office Supplies,Fasteners
Bluetooth Keyboard V198,1830.5433431255192,-225.4177791490984,0.07981698037165806,Technology,Accessories
Bluetooth Keyboard V960,731.1638592420999,2.164613235062598,0.27209129697251655,Technology,Accessories
Premium Copy Paper V995,1165.3708170533064,415.8627907216841,0.02887936359167034,Office Supplies,Paper
Premium Copy Paper V805,1268.2059329598655,-82.72587564650314,0.012261000882322426,Office Supplies,Paper
Dry Erase Whiteboard V262,36.05796861078393,0.8401583959443725,0.10307315540448547,Furniture,Tables
Bluetooth Keyboard V260,1330.4393703132541,78.82338358006302,0.18504918269572654,Technology,Accessories
Ergonomic Office Chair V900,364.2915740708053,23.184606396053727,0.34730900216335225,Furniture,Chairs
Gel Ink Pens Pack V915,1922.5299317642157,322.53082987242914,0.2908676279065232,Office Supplies,Pens
Ergonomic Office Chair V603,305.8388282286948,111.88975984224271,0.2970826084799924,Furniture,Chairs
USB-C Charging Cable V234,835.1020062167772,-46.418621323506514,0.17019733377923016,Technology,Cables
Heavy Duty Stapler V500,179.84583947650128,-22.858257684266924,0.13837399701878517,Office Supplies,Fasteners
Classic Ring Binder V787,1993.7797611734352,-162.5283525676388,0.14841550519384109,Office Supplies,Binders
Heavy Duty Stapler V569,1009.3680705591728,335.2665910412358,0.39505982549442314,Office Supplies,Fasteners
Wireless Optical Mouse V121,1194.816184466887,224.01188974511436,0.016043676564992993,Technology,Accessories
Dry Erase Whiteboard V329,143.4821900029707,-4.082918646542654,0.34681259844897944,Furniture,Tables
Heavy Duty Stapler V537,1502.4213360943638,435.0533869175291,0.23147016342895738,Office Supplies,Fasteners
USB-C Charging Cable V382,427.71213026021564,135.50861160006056,0.1754461676758362,Technology,Cables
Premium Copy Paper V376,1797.1280359870204,553.3511833577825,0.29010306416605464,Office Supplies,Paper
Classic Ring Binder V383,418.22788455919425,146.94684322579167,0.19466757656988115,Office Supplies,Binders
Classic Ring Binder V552,389.4685641206965,-18.949744060584027,0.34936929523266425,Office Supplies,Binders
Heavy Duty Stapler V615,82.73383901770882,20.933742627167216,0.3602807456045034,Office Supplies,Fasteners
Heavy Duty Stapler V291,949.4132207688986,72.46272828521872,0.16868837074938217,Office Supplies,Fasteners
Classic Ring Binder V611,1134.0338551926068,346.1061479617862,0.11073111889402064,Office Supplies,Binders
Classic Ring Binder V271,140.7601924624212,33.3734542621247,0.2369401314373449,Office Supplies,Binders
Gel Ink Pens Pack V617,1553.299957223071,412.97347981577684,0.3649453382466764,Office Supplies,Pens
Heavy Duty Stapler V991,912.044781148575,176.6604315578128,0.08426487560226664,Office Supplies,Fasteners
Bluetooth Keyboard V136,1053.5366359618843,-98.55070184639386,0.24918663342539313,Technology,Accessories
USB-C Charging Cable V448,887.117866407074,112.67829717434918,0.25262408803700825,Technology,Cables
Classic Ring Binder V401,807.5184911418987,315.5797151719707,0.2932452089661124,Office Supplies,Binders
Gel Ink Pens Pack V706,1123.6842593033537,407.2600772483001,0.05262707405090392,Office Supplies,Pens
Heavy Duty Stapler V799,318.9280894021179,-55.52402763836793,0.2863299858728354,Office Supplies,Fasteners
Classic Ring Binder V215,372.03697968558953,-37.61707218626783,0.3636130082662564,Office Supplies,Binders
Gel Ink Pens Pack V260,1724.9533858168995,-208.65508089540756,0.0718732435480968,Office Supplies,Pens
Heavy Duty Stapler V227,1892.769769645929,445.91374226507827,0.09501732996955106,Office Supplies,Fasteners
Premium Copy Paper V892,752.8855393967084,218.8421416286951,0.38855803761665586,Office Supplies,Paper
Adjustable Desk Lamp V834,548.781899555672,-39.45367600271592,0.07239078108379592,Furniture,Furnishings
Dry Erase Whiteboard V669,1291.5590910456413,133.69136837798425,0.34175403734783166,Furniture,Tables
Heavy Duty Stapler V971,823.3810004852119,250.65514009184304,0.19691114257921394,Office Supplies,Fasteners
USB-C Charging Cable V725,60.518847764086274,14.50521352458033,0.09889242976127083,Technology,Cables
Dry Erase Whiteboard V762,320.7436687587188,40.20275662441469,0.3482999605090046,Furniture,Tables
Premium Copy Paper V738,1434.784735406321,221.25616583030975,0.1781221020010662,Office Supplies,Paper
Adjustable Desk Lamp V485,1321.2586444012013,138.7537313711542,0.20592694157187608,Furniture,Furnishings
Adjustable Desk Lamp V884,63.92102508193214,-1.37244380448219,0.14369334775990628,Furniture,Furnishings
USB-C Charging Cable V492,451.72460224656936,62.795680541567954,0.23718034057397097,Technology,Cables
Dry Erase Whiteboard V275,469.8388452102621,100.23127583646992,0.06540954903400911,Furniture,Tables
Wireless Optical Mouse V576,1347.0665597614695,436.4411455453903,0.1564326146607043,Technology,Accessories
Adjustable Desk Lamp V858,49.223970131184664,8.947677935566404,0.387764928934115,Furniture,Furnishings
Adjustable Desk Lamp V966,217.17607814930196,55.74321861614064,0.10325337308045102,Furniture,Furnishings
Premium Copy Paper V507,1601.833009892647,-166.52178468789697,0.2626946658165169,Office Supplies,Paper
Adjustable Desk Lamp V924,365.3038774881239,28.104465555880115,0.13007602568987794,Furniture,Furnishings
Ergonomic Office Chair V784,1308.9647546252306,-254.4640940507099,0.30938925027464026,Furniture,Chairs
Ergonomic Office Chair V420,483.9837342829858,-25.16361204468004,0.052349464287339935,Furniture,Chairs
USB-C Charging Cable V611,207.88837159109687,49.03609146865138,0.3879284180314179,Technology,Cables
Heavy Duty Stapler V570,493.91266008891364,195.13796280638937,0.18151581655345572,Office Supplies,Fasteners
Premium Copy Paper V933,1447.3111943927618,-203.3372946158457,0.0944201853385856,Office Supplies,Paper
Wireless Optical Mouse V953,1712.8359715315087,70.04914963728714,0.029398698932005064,Technology,Accessories
Heavy Duty Stapler V764,1662.1375304883134,465.4692843797456,0.0679031620350163,Office Supplies,Fasteners
Adjustable Desk Lamp V674,800.3952239407251,-62.09355630573374,0.20790957942240706,Furniture,Furnishings
Dry Erase Whiteboard V413,1339.489421775586,178.2203663112328,0.13480127057251454,Furniture,Tables
Adjustable Desk Lamp V441,417.9187478774837,100.23479330949081,0.3315533463530438,Furniture,Furnishings
Classic Ring Binder V791,593.3639832194164,100.62935157906806,0.17235500946472238,Office Supplies,Binders
Adjustable Desk Lamp V937,1793.7082788570283,-156.3847419056651,0.09948570903505197,Furniture,Furnishings
Dry Erase Whiteboard V543,35.873827786364714,0.47463733170528927,0.24685799464161204,Furniture,Tables
Gel Ink Pens Pack V363,180.16197640039147,48.69329090748903,0.2827108867541783,Office Supplies,Pens
Gel Ink Pens Pack V671,423.6936477405944,56.15462252017005,0.06681676316037995,Office Supplies,Pens
Gel Ink Pens Pack V202,62.79908570890123,-12.362768172316763,0.06704768651532707,Office Supplies,Pens
Ergonomic Office Chair V873,371.05651582869666,95.21104483057448,0.01466857077341719,Furniture,Chairs
Ergonomic Office Chair V449,1170.2527063296875,-209.25661605614775,0.29456080602625623,Furniture,Chairs
Heavy Duty Stapler V922,848.6348556790709,209.98643751406195,0.265521811048722,Office Supplies,Fasteners
USB-C Charging Cable V919,1786.41670504318,-140.2545479332275,0.18985235029992556,Technology,Cables
Premium Copy Paper V735,1636.7126878594975,613.5120749159569,0.33766817958767886,Office Supplies,Paper
Adjustable Desk Lamp V769,690.2165298787731,14.331967163073452,0.32226806118002127,Furniture,Furnishings
Heavy Duty Stapler V756,526.252632528272,-2.021352252872097,0.23414174575870086,Office Supplies,Fasteners
USB-C Charging Cable V930,765.5878922528611,-84.72544526917969,0.34730851220530345,Technology,Cables
Heavy Duty Stapler V703,1184.6869356044674,-19.71019418674746,0.0823364840147073,Office Supplies,Fasteners
Adjustable Desk Lamp V445,543.4466452375237,177.1584202887683,0.04476784775909115,Furniture,Furnishings
Gel Ink Pens Pack V573,1252.0563266197767,498.0687611888765,0.10789984460679586,Office Supplies,Pens
Gel Ink Pens Pack V929,824.7291878605685,17.307534413618505,0.022834742435725943,Office Supplies,Pens
Wireless Optical Mouse V226,1108.5738898954407,76.67604134434704,0.2124678112004128,Technology,Accessories
Bluetooth Keyboard V740,877.8917929792802,204.76173176236315,0.37464227691798463,Technology,Accessories
Adjustable Desk Lamp V733,595.9868614884161,197.6992528205111,0.01573741626740386,Furniture,Furnishings
Classic Ring Binder V850,1897.4220808546918,295.66883259612564,0.04884396560401072,Office Supplies,Binders
Premium Copy Paper V195,1529.575530377924,53.405770392579434,0.18087961131337413,Office Supplies,Paper
Dry Erase Whiteboard V659,288.82521977524056,13.740312365252745,0.373550007011162,Furniture,Tables
Bluetooth Keyboard V587,1738.2512720368466,377.8452223926236,0.1264624419907002,Technology,Accessories
Gel Ink Pens Pack V996,979.9880845165321,-194.10530091229063,0.20289392347535698,Office Supplies,Pens
Wireless Optical Mouse V803,1790.1589315192418,307.4662454928457,0.016629143620156838,Technology,Accessories
Gel Ink Pens Pack V889,1601.7119593351572,21.29605190335664,0.059337280384835545,Office Supplies,Pens
Wireless Optical Mouse V175,856.1748738937746,236.74810519300308,0.3946520491835388,Technology,Accessories
Adjustable Desk Lamp V755,54.713923557033624,-7.890055056125225,0.38604747857441823,Furniture,Furnishings
Heavy Duty Stapler V185,544.6679451760427,83.29136301679348,0.0019759923737638465,Office Supplies,Fasteners
Bluetooth Keyboard V384,1087.8520871751252,96.36599984733785,0.3807247141692956,Technology,Accessories
Gel Ink Pens Pack V146,1270.621657454033,235.56730311963355,0.25564797512620013,Office Supplies,Pens
Classic Ring Binder V193,523.1964940120725,-84.28059484787268,0.34716731780800886,Office Supplies,Binders
Ergonomic Office Chair V552,287.31858740492004,42.52035603197966,0.18189594225354366,Furniture,Chairs
Adjustable Desk Lamp V573,1671.5111712306052,228.8144225027734,0.2062384114317001,Furniture,Furnishings
Gel Ink Pens Pack V650,1968.9603396000687,268.5584260211087,0.1955386321027681,Office Supplies,Pens
Ergonomic Office Chair V388,1056.1234627823449,171.18979795890215,0.26674570301844175,Furniture,Chairs
Gel Ink Pens Pack V122,351.64177883812397,72.39627749631586,0.055860501902525166,Office Supplies,Pens
Adjustable Desk Lamp V621,551.8915797735442,156.18167448577825,0.011989435949071182,Furniture,Furnishings
Dry Erase Whiteboard V936,46.5974463294588,-1.7757153510415242,0.12317197663647637,Furniture,Tables
Ergonomic Office Chair V901,1829.454625055393,539.7433506008047,0.2818723050946587,Furniture,Chairs
Ergonomic Office Chair V322,244.32465495138086,24.17675759767374,0.08074138084917935,Furniture,Chairs
Adjustable Desk Lamp V861,1157.2677862733647,-177.94731878997948,0.26937297332996696,Furniture,Furnishings
Heavy Duty Stapler V541,555.3698891675399,-91.56352398257687,0.3879648184429082,Office Supplies,Fasteners
Classic Ring Binder V424,1112.8142250064288,0.604248351039442,0.037560286315767355,Office Supplies,Binders
Ergonomic Office Chair V115,1306.3265728202098,353.93375231213776,0.2690408472900505,Furniture,Chairs
USB-C Charging Cable V435,1661.1861893773312,373.1166392908836,0.17750008772182846,Technology,Cables
Wireless Optical Mouse V357,420.7783308036004,114.94358692823724,0.34725690175100216,Technology,Accessories
Classic Ring Binder V995,31.88169903037615,3.5185100190435974,0.07085991577895437,Office Supplies,Binders
Ergonomic Office Chair V763,282.40240383692645,18.107472346156804,0.2770503808904658,Furniture,Chairs
Premium Copy Paper V774,1801.0370972777291,-200.86693704433432,0.33524611585924413,Office Supplies,Paper
Classic Ring Binder V790,1749.0412543494053,-5.3946516051516795,0.3778456877896093,Office Supplies,Binders
Gel Ink Pens Pack V367,1198.8520733189134,72.42459553508397,0.2732992113158583,Office Supplies,Pens
Heavy Duty Stapler V676,1205.0285522629702,-176.9460819485703,0.19886990560337092,Office Supplies,Fasteners
Classic Ring Binder V267,1333.4229823470484,-90.18316771405605,0.24713889608048556,Office Supplies,Binders
Adjustable Desk Lamp V142,358.98884446066467,57.05595533371684,0.34756199379148733,Furniture,Furnishings
Premium Copy Paper V352,1829.67977239067,441.68079717228954,0.22824389865553188,Office Supplies,Paper
Heavy Duty Stapler V853,843.3533445352255,336.5051587379529,0.012154823878734745,Office Supplies,Fasteners
Heavy Duty Stapler V826,772.4456712164999,277.9784778871433,0.37237947820279116,Office Supplies,Fasteners
Classic Ring Binder V189,1042.6462335128467,193.45166434650966,0.27581070041262445,Office Supplies,Binders
USB-C Charging Cable V704,103.46227388235954,5.457514100921331,0.2706053543108986,Technology,Cables
Adjustable Desk Lamp V701,340.90390382459805,61.94442752740936,0.08627006095908687,Furniture,Furnishings
Premium Copy Paper V214,1478.6868966884772,401.302272472708,0.2635541880930629,Office Supplies,Paper
Bluetooth Keyboard V295,174.76934917100166,-22.544946391566857,0.1575457622616634,Technology,Accessories
Adjustable Desk Lamp V600,1210.2726978381124,55.60347845823395,0.26049319081659683,Furniture,Furnishings
Premium Copy Paper V592,498.2447282658287,151.40729130895824,0.042637212123196294,Office Supplies,Paper
USB-C Charging Cable V519,784.6982719435333,23.77617806940031,0.26313812184121443,Technology,Cables
Bluetooth Keyboard V376,584.5005361736927,83.65568225835626,0.39976549030826664,Technology,Accessories
Bluetooth Keyboard V775,717.7887057652488,109.57878413999711,0.019284815544222414,Technology,Accessories
Adjustable Desk Lamp V968,1440.9013513166485,-128.69302080767386,0.39086967368852693,Furniture,Furnishings
Bluetooth Keyboard V291,601.2722140901183,10.426820796486338,0.16276318428914827,Technology,Accessories
Heavy Duty Stapler V788,1137.1452341908255,0.8037038273864858,0.3483013801349037,Office Supplies,Fasteners
Heavy Duty Stapler V647,957.3403003762083,-176.42056118626877,0.3129541936233094,Office Supplies,Fasteners
Premium Copy Paper V195,1330.7056190716698,-246.82585412704506,0.22680650439466712,Office Supplies,Paper
USB-C Charging Cable V762,1874.2911812562684,560.4472244117934,0.29537968370053064,Technology,Cables
Gel Ink Pens Pack V879,1467.818473448398,-53.07266702711292,0.35140622452053916,Office Supplies,Pens
Classic Ring Binder V794,437.73135339560594,48.52132102762429,0.1616561286604132,Office Supplies,Binders
Wireless Optical Mouse V316,72.0544387719565,-1.4961856233293982,0.1308132646252955,Technology,Accessories
Heavy Duty Stapler V972,531.9054481566519,193.83035963551137,0.2670373542254339,Office Supplies,Fasteners
Classic Ring Binder V980,1194.2050820935071,-53.048912093972405,0.3231383767765035,Office Supplies,Binders
Ergonomic Office Chair V979,112.33736883365819,6.4924357399970205,0.3049140539106463,Furniture,Chairs
Bluetooth Keyboard V441,997.7688319304604,322.91605918374756,0.31912545954345384,Technology,Accessories
Heavy Duty Stapler V276,1197.7172693446096,365.49556968354966,0.1742333259251732,Office Supplies,Fasteners
Ergonomic Office Chair V495,675.145342725752,-59.64176522500643,0.3271336864700087,Furniture,Chairs
Bluetooth Keyboard V175,1544.1152854541856,434.80122496302033,0.04808362214824338,Technology,Accessories
Bluetooth Keyboard V554,222.1305237362059,16.640271124848674,0.21779563918433983,Technology,Accessories
Ergonomic Office Chair V950,159.52418565425944,14.322292478611612,0.0023034641992486283,Furniture,Chairs
Adjustable Desk Lamp V466,1459.0956248451707,-174.96309871509956,0.12983433196010813,Furniture,Furnishings
Gel Ink Pens Pack V168,996.0277192503349,-151.03673870068698,0.14658461394855915,Office Supplies,Pens
Heavy Duty Stapler V495,1379.9207688911947,326.714987132978,0.15846907664370216,Office Supplies,Fasteners
Bluetooth Keyboard V990,875.306403821455,85.67209477881278,0.2781868826759449,Technology,Accessories
Gel Ink Pens Pack V583,500.34004614582255,31.076331194023854,0.1554232405081383,Office Supplies,Pens
Gel Ink Pens Pack V250,1640.0136121716575,389.83933267436737,0.17947744904901228,Office Supplies,Pens
Bluetooth Keyboard V138,1600.8375991482687,415.10957897312187,0.09501765234973099,Technology,Accessories
Gel Ink Pens Pack V141,1392.4459770003093,-145.72657212985268,0.14930071665173603,Office Supplies,Pens
Adjustable Desk Lamp V497,551.5688230876258,91.63493589198674,0.0909078509052606,Furniture,Furnishings
Adjustable Desk Lamp V232,1184.5590270694834,-140.7108654062539,0.029278369507377458,Furniture,Furnishings
Heavy Duty Stapler V314,728.3380549106533,182.68543021790134,0.24137943735255118,Office Supplies,Fasteners
Premium Copy Paper V850,192.24832592000195,37.32945221412213,0.2672851194220065,Office Supplies,Paper
Bluetooth Keyboard V173,1835.4540151698632,686.4024853087255,0.24779613840384582,Technology,Accessories
Adjustable Desk Lamp V591,282.2690755287332,-44.77498578941328,0.18539761752022896,Furniture,Furnishings
Classic Ring Binder V352,1900.9723341033969,-315.11879895756834,0.15191431207169193,Office Supplies,Binders
Dry Erase Whiteboard V618,897.5514881863319,-27.543840334568735,0.3453334598287301,Furniture,Tables
USB-C Charging Cable V269,378.4145283888531,-16.2629659452075,0.20763271405448724,Technology,Cables
Bluetooth Keyboard V894,1088.3828852829326,-56.392078293968396,0.1916727510518924,Technology,Accessories
Adjustable Desk Lamp V293,1747.1622133940525,600.5918126021695,0.010256826322574276,Furniture,Furnishings
Gel Ink Pens Pack V128,1467.1275239550268,-73.75584581245005,0.13649913105046255,Office Supplies,Pens
Gel Ink Pens Pack V521,1615.056684244285,-59.482803071388055,0.15207824751434285,Office Supplies,Pens
Heavy Duty Stapler V747,1320.9788997543276,337.69366874767246,0.15952911235876022,Office Supplies,Fasteners
Classic Ring Binder V441,1387.6303633905263,96.91752392839932,0.23206894769093292,Office Supplies,Binders
Ergonomic Office Chair V756,1699.8993466149855,452.2179916432474,0.21344101869075138,Furniture,Chairs
Wireless Optical Mouse V316,506.83933762978,-81.48978352395389,0.24316203711737785,Technology,Accessories
Ergonomic Office Chair V903,983.9556776498496,91.05793103409464,0.30595330461685133,Furniture,Chairs
Dry Erase Whiteboard V351,450.2067892210084,-80.96151523659707,0.3251942954864374,Furniture,Tables
Heavy Duty Stapler V544,1975.4593359133275,-320.8305537682112,0.28724923049059775,Office Supplies,Fasteners
Dry Erase Whiteboard V266,1888.6780859763603,649.445515468613,0.3822094783819739,Furniture,Tables
Adjustable Desk Lamp V957,88.45935462332673,-10.301337526656493,0.0072930330705446526,Furniture,Furnishings
Heavy Duty Stapler V138,1414.09459330622,168.91700624063205,0.07831119427341844,Office Supplies,Fasteners
Heavy Duty Stapler V272,1851.244151657175,86.37416772048915,0.0030251499912568483,Office Supplies,Fasteners
Premium Copy Paper V319,369.34493680339375,3.1047119710129514,0.2589898856618412,Office Supplies,Paper
Adjustable Desk Lamp V759,1140.2110087997326,387.5577303426876,0.3592122195799948,Furniture,Furnishings
USB-C Charging Cable V928,1831.8217122002034,-342.37839921165977,0.09739291863051971,Technology,Cables
Bluetooth Keyboard V100,77.5524973857397,15.376629263940075,0.3708138179185227,Technology,Accessories
Heavy Duty Stapler V447,1397.8663318212114,528.444719946398,0.024106956115824342,Office Supplies,Fasteners
Bluetooth Keyboard V290,601.724524671376,81.8952554234878,0.37377441072220574,Technology,Accessories
Classic Ring Binder V508,1849.5484287992954,669.7094218704565,0.14064907489585377,Office Supplies,Binders
USB-C Charging Cable V216,1942.405907879082,-327.5775735007737,0.04056833137968661,Technology,Cables
Dry Erase Whiteboard V157,1889.0903133357335,96.86497874448494,0.19434870367453028,Furniture,Tables
Gel Ink Pens Pack V179,953.6862911483529,-41.87190696410233,0.10271062708820318,Office Supplies,Pens
Dry Erase Whiteboard V312,1725.4648754687337,411.5105681045022,0.11394916078476913,Furniture,Tables
Gel Ink Pens Pack V775,1690.65330308479,657.2892397970406,0.12291598597051463,Office Supplies,Pens
Heavy Duty Stapler V758,645.0099417540787,-29.72332396961507,0.3212103591330654,Office Supplies,Fasteners
Ergonomic Office Chair V540,1659.541793559848,319.4696961469811,0.2156645106701018,Furniture,Chairs
Premium Copy Paper V146,83.64519308383032,-6.787089771783159,0.12452307966240146,Office Supplies,Paper
Bluetooth Keyboard V404,1196.5770581792856,166.56131611316908,0.24413351332436736,Technology,Accessories
Classic Ring Binder V472,467.71758620252905,36.65011246037753,0.28646026968927746,Office Supplies,Binders
Dry Erase Whiteboard V985,249.92810269678483,95.77324816822686,0.10904960029341351,Furniture,Tables
Heavy Duty Stapler V755,163.13687124212623,26.93656695149818,0.1654196406101406,Office Supplies,Fasteners
Wireless Optical Mouse V111,1395.6146639974982,13.542798027458499,0.04875443733477902,Technology,Accessories
Adjustable Desk Lamp V835,686.3511778984516,-90.28436976904148,0.07245973981387213,Furniture,Furnishings
USB-C Charging Cable V457,1452.2858753422354,-158.66499523121612,0.27244714158599315,Technology,Cables
USB-C Charging Cable V767,140.05911818989532,-9.077209324644421,0.07257533907825078,Technology,Cables
Gel Ink Pens Pack V107,637.4277722829146,-31.501682543326815,0.2100653534668241,Office Supplies,Pens
Adjustable Desk Lamp V447,1083.587671826921,336.31270987541916,0.2836185046889731,Furniture,Furnishings
Ergonomic Office Chair V189,1583.5390980295374,216.5231171644115,0.042750769237897536,Furniture,Chairs
USB-C Charging Cable V797,644.3174808348191,73.4744519381793,0.22692488785156142,Technology,Cables
Premium Copy Paper V639,1255.5238391096482,-164.64773505021572,0.10262511348054551,Office Supplies,Paper
Gel Ink Pens Pack V140,1773.0957189900123,560.4468610087566,0.38517075009503193,Office Supplies,Pens
Ergonomic Office Chair V803,1235.567744482786,288.73807408056456,0.1934182586879699,Furniture,Chairs
Dry Erase Whiteboard V244,473.5893547597312,-75.4896614420244,0.32239701991006325,Furniture,Tables
Bluetooth Keyboard V823,58.55755529751066,13.15794464902848,0.22009061686250472,Technology,Accessories
Heavy Duty Stapler V352,1741.4967590628505,219.64267454484042,0.017365013141927666,Office Supplies,Fasteners
Dry Erase Whiteboard V693,52.3261275922704,-7.899402997013081,0.25326055023760896,Furniture,Tables
Heavy Duty Stapler V355,1750.656328641557,131.26488537926542,0.3805613368826628,Office Supplies,Fasteners
Gel Ink Pens Pack V914,1062.584896714152,96.50159317585799,0.2406447280585325,Office Supplies,Pens
Bluetooth Keyboard V549,1878.7447200406634,-188.88011877877875,0.3276755437707161,Technology,Accessories
Adjustable Desk Lamp V923,1599.578639189594,587.7154051997807,0.35368258533936314,Furniture,Furnishings
Premium Copy Paper V350,1995.8888799613417,618.69605931529,0.09123190877957299,Office Supplies,Paper
Gel Ink Pens Pack V218,707.9165127489032,142.58387344610503,0.08481793596329067,Office Supplies,Pens
USB-C Charging Cable V900,1536.7046949729424,118.90611643828157,0.2443923955403967,Technology,Cables
Dry Erase Whiteboard V164,809.8425180823918,38.11064221733658,0.1644113879226819,Furniture,Tables
Premium Copy Paper V323,964.9524844047786,183.90458176438779,0.33594452114668816,Office Supplies,Paper
Classic Ring Binder V878,1258.7358718045564,160.18562142782284,0.3600092493592045,Office Supplies,Binders
Gel Ink Pens Pack V381,1748.6174572308141,-284.388387409534,0.14136855172108725,Office Supplies,Pens
Bluetooth Keyboard V953,1968.3261037065972,211.59818433473123,0.09474822358979283,Technology,Accessories
Classic Ring Binder V560,1538.8640935903911,436.79452418253766,0.31221020609754474,Office Supplies,Binders
Classic Ring Binder V709,841.3558965129941,63.559328055465016,0.10992241421925444,Office Supplies,Binders
Bluetooth Keyboard V198,848.5004345313697,-143.2489797273382,0.3290457274054714,Technology,Accessories
Classic Ring Binder V504,1477.788780161894,401.61410464899376,0.16949530145950514,Office Supplies,Binders
Wireless Optical Mouse V617,485.1665200789216,-38.41632474647983,0.2670199597165882,Technology,Accessories
Classic Ring Binder V808,229.84348513147538,-10.303308615327861,0.03821412553386727,Office Supplies,Binders
Gel Ink Pens Pack V969,715.6980937051453,-72.411604837457,0.24954372987062923,Office Supplies,Pens
Heavy Duty Stapler V536,581.6055933916226,-1.088161427460229,0.18070707149489165,Office Supplies,Fasteners
Wireless Optical Mouse V664,599.6531597074203,152.3424269582387,0.23464338527018966,Technology,Accessories
Gel Ink Pens Pack V813,474.87942458932076,53.01150994277161,0.06720568309794538,Office Supplies,Pens
Adjustable Desk Lamp V182,93.76544737636014,-7.226618877403875,0.29474949797767286,Furniture,Furnishings
Classic Ring Binder V184,45.56913011949348,14.887345808570593,0.34511883101729146,Office Supplies,Binders
Bluetooth Keyboard V977,1975.5675555747027,647.4905139537328,0.08669592003631027,Technology,Accessories
Classic Ring Binder V150,861.2685361343661,277.62737621084864,0.038285822208064695,Office Supplies,Binders
Ergonomic Office Chair V545,774.8100278477665,-43.94898605527034,0.00945543441853456,Furniture,Chairs
Classic Ring Binder V980,1362.498092559209,96.38802892871708,0.2567886001773064,Office Supplies,Binders
USB-C Charging Cable V899,444.3252368514777,173.7284099863344,0.24283761443551233,Technology,Cables
Premium Copy Paper V447,1900.4227560609484,500.20549555329217,0.218678965085628,Office Supplies,Paper
USB-C Charging Cable V650,1574.8265786869486,-289.2949295251524,0.09277883844639018,Technology,Cables
Adjustable Desk Lamp V349,187.92789460139642,-30.233321987921954,0.1563623983622059,Furniture,Furnishings
Premium Copy Paper V537,840.9857438120074,65.89865564134756,0.23779053407446923,Office Supplies,Paper
Dry Erase Whiteboard V870,1759.4454320487077,607.9449163479632,0.19870674354366777,Furniture,Tables
Premium Copy Paper V367,1890.0167243599064,232.88989967204745,0.39511420808595493,Office Supplies,Paper
Classic Ring Binder V153,940.1290073872408,92.77898594848992,0.05457590102269325,Office Supplies,Binders
Gel Ink Pens Pack V833,1230.6886645293084,-168.25456074030728,0.2780578216190375,Office Supplies,Pens
Bluetooth Keyboard V500,342.3975527232297,66.44842977629695,0.16172750724171686,Technology,Accessories
Wireless Optical Mouse V306,1982.4255660125832,581.3698808816648,0.17127984597024593,Technology,Accessories
Gel Ink Pens Pack V952,471.02668575305233,13.307448047652562,0.2870391062632705,Office Supplies,Pens
Premium Copy Paper V174,1886.0362305289,500.4919848978687,0.2769744605297479,Office Supplies,Paper
Heavy Duty Stapler V202,1302.7968314948132,493.35091095265557,0.39650239748087535,Office Supplies,Fasteners
Dry Erase Whiteboard V803,1219.3962218089296,-94.79601412677326,0.0513577157816501,Furniture,Tables
Premium Copy Paper V905,1030.250136922852,117.44622713193036,0.04164385975366654,Office Supplies,Paper
Premium Copy Paper V197,469.0329253183398,-13.000291193461965,0.28973552685149645,Office Supplies,Paper
Premium Copy Paper V897,361.29078369096146,99.61243990515439,0.23135476680256364,Office Supplies,Paper
Heavy Duty Stapler V546,448.76755604964893,65.76958670825688,0.10966426662392235,Office Supplies,Fasteners
Premium Copy Paper V407,381.0121416670665,68.86773525165025,0.03176774759559464,Office Supplies,Paper
Bluetooth Keyboard V265,1561.3731023978391,435.2304036284121,0.034263299838572216,Technology,Accessories
Classic Ring Binder V434,706.7492657417929,26.561251337413836,0.35767634986564734,Office Supplies,Binders
Wireless Optical Mouse V205,125.10692636115877,43.66907820898488,0.07674692988749716,Technology,Accessories
Heavy Duty Stapler V180,1938.5142339802146,232.26758097135263,0.12934862484620832,Office Supplies,Fasteners
Gel Ink Pens Pack V896,1768.733911077217,-186.118751275199,0.09066256089079522,Office Supplies,Pens
Ergonomic Office Chair V237,1856.2270435584737,403.8026489283604,0.14199852233277493,Furniture,Chairs
USB-C Charging Cable V500,1989.8665670664063,549.1172306965374,0.02776953709843735,Technology,Cables
Adjustable Desk Lamp V884,356.0515459467797,-3.5402182994034566,0.20762391636330815,Furniture,Furnishings
Ergonomic Office Chair V168,798.5216176162909,250.98137660820663,0.027045025436885962,Furniture,Chairs
Premium Copy Paper V873,1518.8945666511418,522.0227264325541,0.32014260312894466,Office Supplies,Paper
Gel Ink Pens Pack V549,1395.0810299270465,-47.23368751993655,0.09348483276417321,Office Supplies,Pens
Heavy Duty Stapler V210,316.25285361631154,123.37431268020146,0.21600476584180425,Office Supplies,Fasteners
Bluetooth Keyboard V762,1633.5079187313295,-188.78954655160643,0.35203163502458334,Technology,Accessories
Wireless Optical Mouse V947,456.6367379549547,-35.97868208992924,0.26035094761887767,Technology,Accessories
Dry Erase Whiteboard V619,455.39705349701995,-40.74214131742841,0.21318311462053413,Furniture,Tables
Ergonomic Office Chair V459,1078.579101557893,362.8273506217955,0.12973350124615024,Furniture,Chairs
Ergonomic Office Chair V795,1189.9504703349892,229.15534415846358,0.13320076522327917,Furniture,Chairs
Bluetooth Keyboard V294,1164.3715535972442,-126.61077038086097,0.26779478207927604,Technology,Accessories
Heavy Duty Stapler V766,192.05880642153218,12.329032818458014,0.397655744488467,Office Supplies,Fasteners
Premium Copy Paper V160,1756.147116634457,297.1028882314339,0.26473567593975145,Office Supplies,Paper
Adjustable Desk Lamp V150,538.544084751525,-80.73936339416646,0.22311336694800998,Furniture,Furnishings
Heavy Duty Stapler V888,267.7346933527803,88.20514681245166,0.2922602040956985,Office Supplies,Fasteners
Gel Ink Pens Pack V565,1778.6086789392646,501.85599774970206,0.18608224491348727,Office Supplies,Pens
Adjustable Desk Lamp V928,1911.7464814772093,197.14706678671297,0.024056937040314086,Furniture,Furnishings
Dry Erase Whiteboard V504,1725.6339583582467,656.2171259223281,0.22491872635116394,Furniture,Tables
Dry Erase Whiteboard V612,1620.9369887025073,82.11113650565301,0.3830501138021521,Furniture,Tables
Gel Ink Pens Pack V332,1313.9315414716532,513.0458447875411,0.07012117694306386,Office Supplies,Pens
Adjustable Desk Lamp V145,1106.2061675121872,222.0730997463456,0.2760019563282663,Furniture,Furnishings
Premium Copy Paper V177,183.10365222370618,33.10564641181867,0.0803734754636226,Office Supplies,Paper
Adjustable Desk Lamp V912,822.8218940106905,-82.63358604156392,0.21433107378923252,Furniture,Furnishings
Bluetooth Keyboard V893,751.6501488545048,247.41064871426235,0.038670579858687854,Technology,Accessories
Bluetooth Keyboard V146,526.9100296830492,29.76715655425942,0.18014837450327406,Technology,Accessories
Bluetooth Keyboard V313,1449.606026240284,-148.81649164019635,0.30246533155809846,Technology,Accessories
USB-C Charging Cable V449,996.7927128067539,-191.81829213830946,0.13902860969559283,Technology,Cables
Classic Ring Binder V125,171.2819696562194,23.269239680663603,0.26596468979488724,Office Supplies,Binders
Ergonomic Office Chair V356,448.1645718801246,52.18418113898433,0.3181799843158917,Furniture,Chairs
USB-C Charging Cable V724,1369.684939682596,317.2357057825756,0.3708711277917811,Technology,Cables
Heavy Duty Stapler V352,161.50041038569736,53.966142469788714,0.09385683274218143,Office Supplies,Fasteners
Ergonomic Office Chair V818,1703.9017589570497,-259.599740243792,0.15972636632372328,Furniture,Chairs
USB-C Charging Cable V825,995.341588757809,237.78500956812078,0.060966405332166976,Technology,Cables
Adjustable Desk Lamp V127,966.3672888800295,-84.60819438321619,0.3969934008633501,Furniture,Furnishings
Wireless Optical Mouse V177,1188.89149147244,374.3893397107785,0.37080038716971814,Technology,Accessories
USB-C Charging Cable V485,1651.1151221910468,481.19786782494066,0.21598285211222384,Technology,Cables
Adjustable Desk Lamp V625,702.1403237253642,87.39979657145042,0.33681331775056855,Furniture,Furnishings
USB-C Charging Cable V982,1359.2521435925364,307.3889991814318,0.20838319090881688,Technology,Cables
Wireless Optical Mouse V102,1135.8066083516242,-12.936760136215351,0.2494342752011039,Technology,Accessories
Wireless Optical Mouse V849,541.3862576371484,44.77304378576714,0.03564977284640665,Technology,Accessories
Premium Copy Paper V605,1758.4736728467644,515.2013773886599,0.3021081681987232,Office Supplies,Paper
Dry Erase Whiteboard V838,1596.8777829977869,120.65867732244462,0.051085393454093936,Furniture,Tables
Heavy Duty Stapler V114,1320.3191509702667,19.380910941819607,0.33042705210101136,Office Supplies,Fasteners
Bluetooth Keyboard V730,1702.6576408975413,164.35323154292948,0.3128112350681544,Technology,Accessories
Gel Ink Pens Pack V127,1735.9154599100068,515.4793171968028,0.2834978790971906,Office Supplies,Pens
Adjustable Desk Lamp V138,1419.6423236629191,1.5968540354735694,0.014464152209904846,Furniture,Furnishings
Bluetooth Keyboard V372,1675.6565234437073,-160.4324564516132,0.12125134237813145,Technology,Accessories
Wireless Optical Mouse V185,1397.9682087218744,317.6301370076343,0.10524502796433716,Technology,Accessories
Adjustable Desk Lamp V225,1363.480135802998,403.02690421952025,0.14405456298860764,Furniture,Furnishings
Bluetooth Keyboard V244,1241.0366426482167,-173.27044944678664,0.03505709870553542,Technology,Accessories
Ergonomic Office Chair V124,1507.906112719706,-84.55663799919813,0.3747831292124251,Furniture,Chairs
Ergonomic Office Chair V493,325.62415953321664,-37.38712600073408,0.22152089628495053,Furniture,Chairs
Heavy Duty Stapler V332,1762.9328108058676,15.45183626861267,0.12220972426320942,Office Supplies,Fasteners
Premium Copy Paper V210,1744.9686202130117,122.51527172069198,0.15879260682971338,Office Supplies,Paper
Ergonomic Office Chair V210,68.2020932387727,17.002495544177496,0.17888101620193428,Furniture,Chairs
Dry Erase Whiteboard V133,1653.3753336238776,315.2797465104966,0.24023773334424692,Furniture,Tables
USB-C Charging Cable V468,266.45103627215593,45.97802889893679,0.20627177107859912,Technology,Cables
Heavy Duty Stapler V653,676.8865199756924,7.73340680719917,0.36775678928576694,Office Supplies,Fasteners
Bluetooth Keyboard V712,1489.5814300202994,454.1265036425873,0.19878539316233212,Technology,Accessories
Dry Erase Whiteboard V791,329.91219313613334,27.307591168720027,0.3968632059293251,Furniture,Tables
Adjustable Desk Lamp V419,1637.7543779969337,634.5691636522548,0.3405699830980383,Furniture,Furnishings
Premium Copy Paper V542,1665.9470141359063,300.6789182717439,0.08340420574293433,Office Supplies,Paper
USB-C Charging Cable V414,1019.8607901840641,-126.70868257419657,0.3722380858575665,Technology,Cables
Dry Erase Whiteboard V840,22.707884716498825,4.671160333195546,0.04654655915419044,Furniture,Tables
Bluetooth Keyboard V388,581.2058850180764,-2.8697567964686903,0.32697988339647666,Technology,Accessories
Gel Ink Pens Pack V761,1237.684567567727,262.13703427069635,0.15224931739063205,Office Supplies,Pens
Gel Ink Pens Pack V809,1962.5604942745726,-310.50711915923864,0.35118972817802785,Office Supplies,Pens
Dry Erase Whiteboard V602,1267.3089187631701,-120.4845007171054,0.3472226760429802,Furniture,Tables
Ergonomic Office Chair V449,527.009126317678,165.18698184051826,0.3223701600470485,Furniture,Chairs
USB-C Charging Cable V922,1271.6713491682267,-80.99562956352536,0.3160121745228246,Technology,Cables
Bluetooth Keyboard V858,1084.5709056345524,327.78408962794975,0.12187165563921631,Technology,Accessories
Heavy Duty Stapler V342,1561.8923363507758,-50.658957900376116,0.032367713220500874,Office Supplies,Fasteners
USB-C Charging Cable V328,222.89147126564723,41.397442616703465,0.1611920715060646,Technology,Cables
Ergonomic Office Chair V322,1524.4455259790357,330.02773648989916,0.06940980599460347,Furniture,Chairs
Dry Erase Whiteboard V421,1087.1204915654594,116.96639403235964,0.2779804355609847,Furniture,Tables
Ergonomic Office Chair V831,1926.3540876793993,-32.388935495732746,0.13843989061511422,Furniture,Chairs
Ergonomic Office Chair V946,690.3256104169853,-49.988806731327394,0.39024408034396596,Furniture,Chairs
Dry Erase Whiteboard V217,1268.9175673365567,-228.51478043561676,0.2563888309381328,Furniture,Tables
Classic Ring Binder V705,1864.7359299649347,-32.87932088671712,0.3289922254537444,Office Supplies,Binders
USB-C Charging Cable V673,213.99435870145172,41.0650197521452,0.053009869096739375,Technology,Cables
Bluetooth Keyboard V293,1875.0846896005378,680.6236616305899,0.34480579290904906,Technology,Accessories
USB-C Charging Cable V125,1378.8925873786186,444.99992413440617,0.36910287620535775,Technology,Cables
Heavy Duty Stapler V272,144.99574761929208,37.64653147526686,0.19482476752757438,Office Supplies,Fasteners
